"Term","Course","Title","Section","CRN","Days","Times","Location","Status","Max","Now","Instructor","Delivery Mode","Credits","Info","Comments"
"202310","EVSC125","FUNDAMENTALS OF ENVR SCIENCES","002","13089","WF","1:00 PM - 2:20 PM","FMH 405","Open","25","19","Bonchonsky, Michael","Face-to-Face","3","https://www.bkstr.com/webapp/wcs/stores/servlet/booklookServlet?bookstore_id-1=584&term_id-1=2023 Spring&crn-1=13089",""
"202310","EVSC325","ENERGY AND ENVIRONMENT","102","13090","M","6:00 PM - 8:50 PM"," ","Cancelled","30","0","","Face-to-Face","3","https://www.bkstr.com/webapp/wcs/stores/servlet/booklookServlet?bookstore_id-1=584&term_id-1=2023 Spring&crn-1=13090","Cancelled 10/24/22"
"202310","EVSC375","ENVIRONMENTAL BIOLOGY","102","13091","W","6:00 PM - 8:50 PM","TIER 114","Open","30","23","Qiu, Zeyuan","Face-to-Face","3","https://www.bkstr.com/webapp/wcs/stores/servlet/booklookServlet?bookstore_id-1=584&term_id-1=2023 Spring&crn-1=13091",""
"202310","EVSC381","GEOMORPHOLOGY","002","13092","","TBA"," ","Cancelled","20","0","","Face-to-Face","3","https://www.bkstr.com/webapp/wcs/stores/servlet/booklookServlet?bookstore_id-1=584&term_id-1=2023 Spring&crn-1=13092","Cancelled 11/2/22"
"202310","EVSC385","ENVIRONMENTAL MICROBIOLOGY","102","16027","T","6:00 PM - 8:50 PM","TIER LECT 2","Open","43","33","Li, Mengyan","Face-to-Face","3","https://www.bkstr.com/webapp/wcs/stores/servlet/booklookServlet?bookstore_id-1=584&term_id-1=2023 Spring&crn-1=16027",""
"202310","EVSC391","RESEARCH AND INDEPENDENT STUDY","843","13093","","TBA"," ","Open","19","0","Qiu, Zeyuan","Face-to-Face","3","https://www.bkstr.com/webapp/wcs/stores/servlet/booklookServlet?bookstore_id-1=584&term_id-1=2023 Spring&crn-1=13093","See department for permission to enroll."
"202310","EVSC416","ENVIRONMENTAL TOXICOLOGY","002","13094","WF","10:00 AM - 11:20 AM","KUPF 108","Open","25","20","Warner, Genoa","Face-to-Face","3","https://www.bkstr.com/webapp/wcs/stores/servlet/booklookServlet?bookstore_id-1=584&term_id-1=2023 Spring&crn-1=13094",""
"202310","EVSC490","ST: ENVIRONMENTAL HEALTH AND SAFETY","452","13095","","TBA"," ","Closed","25","25","Bonchonsky, Michael","Online Newark","3","https://www.bkstr.com/webapp/wcs/stores/servlet/booklookServlet?bookstore_id-1=584&term_id-1=2023 Spring&crn-1=13095","Online Course"
"202310","EVSC591","GRADUATE WORK EXPERIENCE I","131","13096","","TBA"," ","Open","19","0","Sadik, Omowunmi","Face-to-Face","1","https://www.bkstr.com/webapp/wcs/stores/servlet/booklookServlet?bookstore_id-1=584&term_id-1=2023 Spring&crn-1=13096","See department for permission to enroll."
"202310","EVSC591","GRADUATE WORK EXPERIENCE I","132","13097","","TBA"," ","Open","19","0","Chen, Hao","Face-to-Face","1","https://www.bkstr.com/webapp/wcs/stores/servlet/booklookServlet?bookstore_id-1=584&term_id-1=2023 Spring&crn-1=13097","See department for permission to enroll."
"202310","EVSC591","GRADUATE WORK EXPERIENCE I","133","13098","","TBA"," ","Cancelled","19","0","","Face-to-Face","1","https://www.bkstr.com/webapp/wcs/stores/servlet/booklookServlet?bookstore_id-1=584&term_id-1=2023 Spring&crn-1=13098","Cancelled 12/02/22"
"202310","EVSC591","GRADUATE WORK EXPERIENCE I","135","13099","","TBA"," ","Open","19","0","Champagne, Pier Alexandre","Face-to-Face","1","https://www.bkstr.com/webapp/wcs/stores/servlet/booklookServlet?bookstore_id-1=584&term_id-1=2023 Spring&crn-1=13099","See department for permission to enroll."
"202310","EVSC591","GRADUATE WORK EXPERIENCE I","136","13100","","TBA"," ","Open","19","0","Gund, Tamara","Face-to-Face","1","https://www.bkstr.com/webapp/wcs/stores/servlet/booklookServlet?bookstore_id-1=584&term_id-1=2023 Spring&crn-1=13100","See department for permission to enroll."
"202310","EVSC591","GRADUATE WORK EXPERIENCE I","137","13101","","TBA"," ","Open","19","0","Eberhart, Michael","Face-to-Face","1","https://www.bkstr.com/webapp/wcs/stores/servlet/booklookServlet?bookstore_id-1=584&term_id-1=2023 Spring&crn-1=13101","See department for permission to enroll."
"202310","EVSC591","GRADUATE WORK EXPERIENCE I","138","13102","","TBA"," ","Open","19","0","Alipour Shakib, Farnaz","Face-to-Face","1","https://www.bkstr.com/webapp/wcs/stores/servlet/booklookServlet?bookstore_id-1=584&term_id-1=2023 Spring&crn-1=13102","See department for permission to enroll."
"202310","EVSC591","GRADUATE WORK EXPERIENCE I","141","13103","","TBA"," ","Open","19","0","Casado Zapico, Sara","Face-to-Face","1","https://www.bkstr.com/webapp/wcs/stores/servlet/booklookServlet?bookstore_id-1=584&term_id-1=2023 Spring&crn-1=13103","See department for permission to enroll."
"202310","EVSC591","GRADUATE WORK EXPERIENCE I","142","13104","","TBA"," ","Open","19","0","Belfield, Kevin","Face-to-Face","1","https://www.bkstr.com/webapp/wcs/stores/servlet/booklookServlet?bookstore_id-1=584&term_id-1=2023 Spring&crn-1=13104","See department for permission to enroll."
"202310","EVSC591","GRADUATE WORK EXPERIENCE I","143","13105","","TBA"," ","Open","19","0","Li, Mengyan","Face-to-Face","1","https://www.bkstr.com/webapp/wcs/stores/servlet/booklookServlet?bookstore_id-1=584&term_id-1=2023 Spring&crn-1=13105","See department for permission to enroll."
"202310","EVSC591","GRADUATE WORK EXPERIENCE I","144","13106","","TBA"," ","Open","19","0","Zhang, Lijie","Face-to-Face","1","https://www.bkstr.com/webapp/wcs/stores/servlet/booklookServlet?bookstore_id-1=584&term_id-1=2023 Spring&crn-1=13106","See department for permission to enroll."
"202310","EVSC591","GRADUATE WORK EXPERIENCE I","147","13107","","TBA"," ","Open","19","0","Kim, Yongick","Face-to-Face","1","https://www.bkstr.com/webapp/wcs/stores/servlet/booklookServlet?bookstore_id-1=584&term_id-1=2023 Spring&crn-1=13107","See department for permission to enroll."
"202310","EVSC591","GRADUATE WORK EXPERIENCE I","148","13108","","TBA"," ","Open","19","0","Mitra, Somenath","Face-to-Face","1","https://www.bkstr.com/webapp/wcs/stores/servlet/booklookServlet?bookstore_id-1=584&term_id-1=2023 Spring&crn-1=13108","See department for permission to enroll."
"202310","EVSC591","GRADUATE WORK EXPERIENCE I","151","13109","","TBA"," ","Open","19","0","Warner, Genoa","Face-to-Face","1","https://www.bkstr.com/webapp/wcs/stores/servlet/booklookServlet?bookstore_id-1=584&term_id-1=2023 Spring&crn-1=13109","See department for permission to enroll."
"202310","EVSC591","GRADUATE WORK EXPERIENCE I","152","13110","","TBA"," ","Open","19","0","Zhang, Yuanwei","Face-to-Face","1","https://www.bkstr.com/webapp/wcs/stores/servlet/booklookServlet?bookstore_id-1=584&term_id-1=2023 Spring&crn-1=13110","See department for permission to enroll."
"202310","EVSC591","GRADUATE WORK EXPERIENCE I","156","13111","","TBA"," ","Open","19","0","Farinas, Edgardo","Face-to-Face","1","https://www.bkstr.com/webapp/wcs/stores/servlet/booklookServlet?bookstore_id-1=584&term_id-1=2023 Spring&crn-1=13111","See department for permission to enroll."
"202310","EVSC591","GRADUATE WORK EXPERIENCE I","158","13112","","TBA"," ","Open","19","0","Khalizov, Alexei","Face-to-Face","1","https://www.bkstr.com/webapp/wcs/stores/servlet/booklookServlet?bookstore_id-1=584&term_id-1=2023 Spring&crn-1=13112","See department for permission to enroll."
"202310","EVSC591","GRADUATE WORK EXPERIENCE I","843","13113","","TBA"," ","Open","19","0","Qiu, Zeyuan","Face-to-Face","1","https://www.bkstr.com/webapp/wcs/stores/servlet/booklookServlet?bookstore_id-1=584&term_id-1=2023 Spring&crn-1=13113","See department for permission to enroll."
"202310","EVSC592","GRADUATE WORK EXPERIENCE II","131","13114","","TBA"," ","Open","19","0","Sadik, Omowunmi","Face-to-Face","1","https://www.bkstr.com/webapp/wcs/stores/servlet/booklookServlet?bookstore_id-1=584&term_id-1=2023 Spring&crn-1=13114","See department for permission to enroll."
"202310","EVSC592","GRADUATE WORK EXPERIENCE II","132","13115","","TBA"," ","Open","19","0","Chen, Hao","Face-to-Face","1","https://www.bkstr.com/webapp/wcs/stores/servlet/booklookServlet?bookstore_id-1=584&term_id-1=2023 Spring&crn-1=13115","See department for permission to enroll."
"202310","EVSC592","GRADUATE WORK EXPERIENCE II","133","13116","","TBA"," ","Cancelled","19","0","","Face-to-Face","1","https://www.bkstr.com/webapp/wcs/stores/servlet/booklookServlet?bookstore_id-1=584&term_id-1=2023 Spring&crn-1=13116","Cancelled 12/02/22"
"202310","EVSC592","GRADUATE WORK EXPERIENCE II","135","13117","","TBA"," ","Open","19","0","Champagne, Pier Alexandre","Face-to-Face","1","https://www.bkstr.com/webapp/wcs/stores/servlet/booklookServlet?bookstore_id-1=584&term_id-1=2023 Spring&crn-1=13117","See department for permission to enroll."
"202310","EVSC592","GRADUATE WORK EXPERIENCE II","136","13118","","TBA"," ","Open","19","0","Gund, Tamara","Face-to-Face","1","https://www.bkstr.com/webapp/wcs/stores/servlet/booklookServlet?bookstore_id-1=584&term_id-1=2023 Spring&crn-1=13118","See department for permission to enroll."
"202310","EVSC592","GRADUATE WORK EXPERIENCE II","137","13119","","TBA"," ","Open","19","0","Eberhart, Michael","Face-to-Face","1","https://www.bkstr.com/webapp/wcs/stores/servlet/booklookServlet?bookstore_id-1=584&term_id-1=2023 Spring&crn-1=13119","See department for permission to enroll."
"202310","EVSC592","GRADUATE WORK EXPERIENCE II","138","13120","","TBA"," ","Open","19","0","Alipour Shakib, Farnaz","Face-to-Face","1","https://www.bkstr.com/webapp/wcs/stores/servlet/booklookServlet?bookstore_id-1=584&term_id-1=2023 Spring&crn-1=13120","See department for permission to enroll."
"202310","EVSC592","GRADUATE WORK EXPERIENCE II","141","13121","","TBA"," ","Open","19","0","Casado Zapico, Sara","Face-to-Face","1","https://www.bkstr.com/webapp/wcs/stores/servlet/booklookServlet?bookstore_id-1=584&term_id-1=2023 Spring&crn-1=13121","See department for permission to enroll."
"202310","EVSC592","GRADUATE WORK EXPERIENCE II","142","13122","","TBA"," ","Open","19","0","Belfield, Kevin","Face-to-Face","1","https://www.bkstr.com/webapp/wcs/stores/servlet/booklookServlet?bookstore_id-1=584&term_id-1=2023 Spring&crn-1=13122","See department for permission to enroll."
"202310","EVSC592","GRADUATE WORK EXPERIENCE II","143","13123","","TBA"," ","Open","19","0","Li, Mengyan","Face-to-Face","1","https://www.bkstr.com/webapp/wcs/stores/servlet/booklookServlet?bookstore_id-1=584&term_id-1=2023 Spring&crn-1=13123","See department for permission to enroll."
"202310","EVSC592","GRADUATE WORK EXPERIENCE II","144","13124","","TBA"," ","Open","19","0","Zhang, Lijie","Face-to-Face","1","https://www.bkstr.com/webapp/wcs/stores/servlet/booklookServlet?bookstore_id-1=584&term_id-1=2023 Spring&crn-1=13124","See department for permission to enroll."
"202310","EVSC592","GRADUATE WORK EXPERIENCE II","147","13125","","TBA"," ","Open","19","0","Kim, Yongick","Face-to-Face","1","https://www.bkstr.com/webapp/wcs/stores/servlet/booklookServlet?bookstore_id-1=584&term_id-1=2023 Spring&crn-1=13125","See department for permission to enroll."
"202310","EVSC592","GRADUATE WORK EXPERIENCE II","148","13126","","TBA"," ","Open","19","0","Mitra, Somenath","Face-to-Face","1","https://www.bkstr.com/webapp/wcs/stores/servlet/booklookServlet?bookstore_id-1=584&term_id-1=2023 Spring&crn-1=13126","See department for permission to enroll."
"202310","EVSC592","GRADUATE WORK EXPERIENCE II","151","13127","","TBA"," ","Open","19","0","Warner, Genoa","Face-to-Face","1","https://www.bkstr.com/webapp/wcs/stores/servlet/booklookServlet?bookstore_id-1=584&term_id-1=2023 Spring&crn-1=13127","See department for permission to enroll."
"202310","EVSC592","GRADUATE WORK EXPERIENCE II","152","13128","","TBA"," ","Open","19","0","Zhang, Yuanwei","Face-to-Face","1","https://www.bkstr.com/webapp/wcs/stores/servlet/booklookServlet?bookstore_id-1=584&term_id-1=2023 Spring&crn-1=13128","See department for permission to enroll."
"202310","EVSC592","GRADUATE WORK EXPERIENCE II","156","13129","","TBA"," ","Open","19","0","Farinas, Edgardo","Face-to-Face","1","https://www.bkstr.com/webapp/wcs/stores/servlet/booklookServlet?bookstore_id-1=584&term_id-1=2023 Spring&crn-1=13129","See department for permission to enroll."
"202310","EVSC592","GRADUATE WORK EXPERIENCE II","158","13130","","TBA"," ","Open","19","0","Khalizov, Alexei","Face-to-Face","1","https://www.bkstr.com/webapp/wcs/stores/servlet/booklookServlet?bookstore_id-1=584&term_id-1=2023 Spring&crn-1=13130","See department for permission to enroll."
"202310","EVSC592","GRADUATE WORK EXPERIENCE II","843","13131","","TBA"," ","Open","19","0","Qiu, Zeyuan","Face-to-Face","1","https://www.bkstr.com/webapp/wcs/stores/servlet/booklookServlet?bookstore_id-1=584&term_id-1=2023 Spring&crn-1=13131","See department for permission to enroll."
"202310","EVSC610","ENVIRONMENTAL CHEMICAL SCIENCE","102","16444","R","6:00 PM - 8:50 PM","CKB 120","Open","15","4","Zhang, Lijie","Face-to-Face","3","https://www.bkstr.com/webapp/wcs/stores/servlet/booklookServlet?bookstore_id-1=584&term_id-1=2023 Spring&crn-1=16444",""
"202310","EVSC616","TOXICOLOGY","002","13132","WF","10:00 AM - 11:20 AM","KUPF 108","Open","15","10","Warner, Genoa","Face-to-Face","3","https://www.bkstr.com/webapp/wcs/stores/servlet/booklookServlet?bookstore_id-1=584&term_id-1=2023 Spring&crn-1=13132",""
"202310","EVSC623","ENVIRONMENTAL HEALTH","852","13133","","TBA"," ","Open","20","14","Bonchonsky, Michael","Online Newark","3","https://www.bkstr.com/webapp/wcs/stores/servlet/booklookServlet?bookstore_id-1=584&term_id-1=2023 Spring&crn-1=13133","Restricted to Newark Campus Students Only<br />Online Course"
"202310","EVSC627","ENVIRONMENTAL MICROBIOLOGY","102","16123","T","6:00 PM - 8:50 PM","TIER LECT 2","Open","30","11","Li, Mengyan","Face-to-Face","3","https://www.bkstr.com/webapp/wcs/stores/servlet/booklookServlet?bookstore_id-1=584&term_id-1=2023 Spring&crn-1=16123",""
"202310","EVSC700B","MASTER'S PROJECT","131","13134","","TBA"," ","Open","19","0","Sadik, Omowunmi","Face-to-Face","3","https://www.bkstr.com/webapp/wcs/stores/servlet/booklookServlet?bookstore_id-1=584&term_id-1=2023 Spring&crn-1=13134","See department for permission to enroll."
"202310","EVSC700B","MASTER'S PROJECT","132","13135","","TBA"," ","Open","19","0","Chen, Hao","Face-to-Face","3","https://www.bkstr.com/webapp/wcs/stores/servlet/booklookServlet?bookstore_id-1=584&term_id-1=2023 Spring&crn-1=13135","See department for permission to enroll."
"202310","EVSC700B","MASTER'S PROJECT","133","13136","","TBA"," ","Cancelled","19","0","","Face-to-Face","3","https://www.bkstr.com/webapp/wcs/stores/servlet/booklookServlet?bookstore_id-1=584&term_id-1=2023 Spring&crn-1=13136","Cancelled 12/02/22"
"202310","EVSC700B","MASTER'S PROJECT","135","13137","","TBA"," ","Open","19","0","Champagne, Pier Alexandre","Face-to-Face","3","https://www.bkstr.com/webapp/wcs/stores/servlet/booklookServlet?bookstore_id-1=584&term_id-1=2023 Spring&crn-1=13137","See department for permission to enroll."
"202310","EVSC700B","MASTER'S PROJECT","136","13138","","TBA"," ","Open","19","0","Gund, Tamara","Face-to-Face","3","https://www.bkstr.com/webapp/wcs/stores/servlet/booklookServlet?bookstore_id-1=584&term_id-1=2023 Spring&crn-1=13138","See department for permission to enroll."
"202310","EVSC700B","MASTER'S PROJECT","137","13139","","TBA"," ","Open","19","0","Eberhart, Michael","Face-to-Face","3","https://www.bkstr.com/webapp/wcs/stores/servlet/booklookServlet?bookstore_id-1=584&term_id-1=2023 Spring&crn-1=13139","See department for permission to enroll."
"202310","EVSC700B","MASTER'S PROJECT","138","13140","","TBA"," ","Open","19","0","Alipour Shakib, Farnaz","Face-to-Face","3","https://www.bkstr.com/webapp/wcs/stores/servlet/booklookServlet?bookstore_id-1=584&term_id-1=2023 Spring&crn-1=13140","See department for permission to enroll."
"202310","EVSC700B","MASTER'S PROJECT","141","13141","","TBA"," ","Open","19","0","Casado Zapico, Sara","Face-to-Face","3","https://www.bkstr.com/webapp/wcs/stores/servlet/booklookServlet?bookstore_id-1=584&term_id-1=2023 Spring&crn-1=13141","See department for permission to enroll."
"202310","EVSC700B","MASTER'S PROJECT","142","13142","","TBA"," ","Open","19","0","Belfield, Kevin","Face-to-Face","3","https://www.bkstr.com/webapp/wcs/stores/servlet/booklookServlet?bookstore_id-1=584&term_id-1=2023 Spring&crn-1=13142","See department for permission to enroll."
"202310","EVSC700B","MASTER'S PROJECT","143","13143","","TBA"," ","Open","19","0","Li, Mengyan","Face-to-Face","3","https://www.bkstr.com/webapp/wcs/stores/servlet/booklookServlet?bookstore_id-1=584&term_id-1=2023 Spring&crn-1=13143","See department for permission to enroll."
"202310","EVSC700B","MASTER'S PROJECT","144","13144","","TBA"," ","Open","19","0","Zhang, Lijie","Face-to-Face","3","https://www.bkstr.com/webapp/wcs/stores/servlet/booklookServlet?bookstore_id-1=584&term_id-1=2023 Spring&crn-1=13144","See department for permission to enroll."
"202310","EVSC700B","MASTER'S PROJECT","147","13145","","TBA"," ","Open","19","0","Kim, Yongick","Face-to-Face","3","https://www.bkstr.com/webapp/wcs/stores/servlet/booklookServlet?bookstore_id-1=584&term_id-1=2023 Spring&crn-1=13145","See department for permission to enroll."
"202310","EVSC700B","MASTER'S PROJECT","148","13146","","TBA"," ","Open","19","0","Mitra, Somenath","Face-to-Face","3","https://www.bkstr.com/webapp/wcs/stores/servlet/booklookServlet?bookstore_id-1=584&term_id-1=2023 Spring&crn-1=13146","See department for permission to enroll."
"202310","EVSC700B","MASTER'S PROJECT","151","13147","","TBA"," ","Open","19","0","Warner, Genoa","Face-to-Face","3","https://www.bkstr.com/webapp/wcs/stores/servlet/booklookServlet?bookstore_id-1=584&term_id-1=2023 Spring&crn-1=13147","See department for permission to enroll."
"202310","EVSC700B","MASTER'S PROJECT","152","13148","","TBA"," ","Open","19","0","Zhang, Yuanwei","Face-to-Face","3","https://www.bkstr.com/webapp/wcs/stores/servlet/booklookServlet?bookstore_id-1=584&term_id-1=2023 Spring&crn-1=13148","See department for permission to enroll."
"202310","EVSC700B","MASTER'S PROJECT","156","13149","","TBA"," ","Open","19","0","Farinas, Edgardo","Face-to-Face","3","https://www.bkstr.com/webapp/wcs/stores/servlet/booklookServlet?bookstore_id-1=584&term_id-1=2023 Spring&crn-1=13149","See department for permission to enroll."
"202310","EVSC700B","MASTER'S PROJECT","158","13150","","TBA"," ","Open","19","0","Khalizov, Alexei","Face-to-Face","3","https://www.bkstr.com/webapp/wcs/stores/servlet/booklookServlet?bookstore_id-1=584&term_id-1=2023 Spring&crn-1=13150","See department for permission to enroll."
"202310","EVSC700B","MASTER'S PROJECT","843","13151","","TBA"," ","Open","19","0","Qiu, Zeyuan","Face-to-Face","3","https://www.bkstr.com/webapp/wcs/stores/servlet/booklookServlet?bookstore_id-1=584&term_id-1=2023 Spring&crn-1=13151","See department for permission to enroll."
"202310","EVSC701B","MASTER'S THESIS","131","13152","","TBA"," ","Open","19","0","Sadik, Omowunmi","Face-to-Face","3","https://www.bkstr.com/webapp/wcs/stores/servlet/booklookServlet?bookstore_id-1=584&term_id-1=2023 Spring&crn-1=13152","See department for permission to enroll."
"202310","EVSC701B","MASTER'S THESIS","132","13153","","TBA"," ","Open","19","0","Chen, Hao","Face-to-Face","3","https://www.bkstr.com/webapp/wcs/stores/servlet/booklookServlet?bookstore_id-1=584&term_id-1=2023 Spring&crn-1=13153","See department for permission to enroll."
"202310","EVSC701B","MASTER'S THESIS","133","13154","","TBA"," ","Cancelled","19","0","","Face-to-Face","3","https://www.bkstr.com/webapp/wcs/stores/servlet/booklookServlet?bookstore_id-1=584&term_id-1=2023 Spring&crn-1=13154","Cancelled 12/02/22"
"202310","EVSC701B","MASTER'S THESIS","135","13155","","TBA"," ","Open","19","0","Champagne, Pier Alexandre","Face-to-Face","3","https://www.bkstr.com/webapp/wcs/stores/servlet/booklookServlet?bookstore_id-1=584&term_id-1=2023 Spring&crn-1=13155","See department for permission to enroll."
"202310","EVSC701B","MASTER'S THESIS","136","13156","","TBA"," ","Open","19","0","Gund, Tamara","Face-to-Face","3","https://www.bkstr.com/webapp/wcs/stores/servlet/booklookServlet?bookstore_id-1=584&term_id-1=2023 Spring&crn-1=13156","See department for permission to enroll."
"202310","EVSC701B","MASTER'S THESIS","137","13157","","TBA"," ","Open","19","0","Eberhart, Michael","Face-to-Face","3","https://www.bkstr.com/webapp/wcs/stores/servlet/booklookServlet?bookstore_id-1=584&term_id-1=2023 Spring&crn-1=13157","See department for permission to enroll."
"202310","EVSC701B","MASTER'S THESIS","138","13158","","TBA"," ","Open","19","0","Alipour Shakib, Farnaz","Face-to-Face","3","https://www.bkstr.com/webapp/wcs/stores/servlet/booklookServlet?bookstore_id-1=584&term_id-1=2023 Spring&crn-1=13158","See department for permission to enroll."
"202310","EVSC701B","MASTER'S THESIS","141","13159","","TBA"," ","Open","19","0","Casado Zapico, Sara","Face-to-Face","3","https://www.bkstr.com/webapp/wcs/stores/servlet/booklookServlet?bookstore_id-1=584&term_id-1=2023 Spring&crn-1=13159","See department for permission to enroll."
"202310","EVSC701B","MASTER'S THESIS","142","13160","","TBA"," ","Open","19","0","Belfield, Kevin","Face-to-Face","3","https://www.bkstr.com/webapp/wcs/stores/servlet/booklookServlet?bookstore_id-1=584&term_id-1=2023 Spring&crn-1=13160","See department for permission to enroll."
"202310","EVSC701B","MASTER'S THESIS","143","13161","","TBA"," ","Open","19","0","Li, Mengyan","Face-to-Face","3","https://www.bkstr.com/webapp/wcs/stores/servlet/booklookServlet?bookstore_id-1=584&term_id-1=2023 Spring&crn-1=13161","See department for permission to enroll."
"202310","EVSC701B","MASTER'S THESIS","144","13162","","TBA"," ","Open","19","0","Zhang, Lijie","Face-to-Face","3","https://www.bkstr.com/webapp/wcs/stores/servlet/booklookServlet?bookstore_id-1=584&term_id-1=2023 Spring&crn-1=13162","See department for permission to enroll."
"202310","EVSC701B","MASTER'S THESIS","147","13163","","TBA"," ","Open","19","0","Kim, Yongick","Face-to-Face","3","https://www.bkstr.com/webapp/wcs/stores/servlet/booklookServlet?bookstore_id-1=584&term_id-1=2023 Spring&crn-1=13163","See department for permission to enroll."
"202310","EVSC701B","MASTER'S THESIS","148","13164","","TBA"," ","Open","19","0","Mitra, Somenath","Face-to-Face","3","https://www.bkstr.com/webapp/wcs/stores/servlet/booklookServlet?bookstore_id-1=584&term_id-1=2023 Spring&crn-1=13164","See department for permission to enroll."
"202310","EVSC701B","MASTER'S THESIS","151","13165","","TBA"," ","Open","19","0","Warner, Genoa","Face-to-Face","3","https://www.bkstr.com/webapp/wcs/stores/servlet/booklookServlet?bookstore_id-1=584&term_id-1=2023 Spring&crn-1=13165","See department for permission to enroll."
"202310","EVSC701B","MASTER'S THESIS","152","13166","","TBA"," ","Open","19","0","Zhang, Yuanwei","Face-to-Face","3","https://www.bkstr.com/webapp/wcs/stores/servlet/booklookServlet?bookstore_id-1=584&term_id-1=2023 Spring&crn-1=13166","See department for permission to enroll."
"202310","EVSC701B","MASTER'S THESIS","156","13167","","TBA"," ","Open","19","0","Farinas, Edgardo","Face-to-Face","3","https://www.bkstr.com/webapp/wcs/stores/servlet/booklookServlet?bookstore_id-1=584&term_id-1=2023 Spring&crn-1=13167","See department for permission to enroll."
"202310","EVSC701B","MASTER'S THESIS","158","13168","","TBA"," ","Open","19","0","Khalizov, Alexei","Face-to-Face","3","https://www.bkstr.com/webapp/wcs/stores/servlet/booklookServlet?bookstore_id-1=584&term_id-1=2023 Spring&crn-1=13168","See department for permission to enroll."
"202310","EVSC701B","MASTER'S THESIS","843","13169","","TBA"," ","Open","19","0","Qiu, Zeyuan","Face-to-Face","3","https://www.bkstr.com/webapp/wcs/stores/servlet/booklookServlet?bookstore_id-1=584&term_id-1=2023 Spring&crn-1=13169","See department for permission to enroll."
"202310","EVSC701C","MASTER'S THESIS","131","13170","","TBA"," ","Open","19","0","Sadik, Omowunmi","Face-to-Face","6","https://www.bkstr.com/webapp/wcs/stores/servlet/booklookServlet?bookstore_id-1=584&term_id-1=2023 Spring&crn-1=13170","See department for permission to enroll."
"202310","EVSC701C","MASTER'S THESIS","132","13171","","TBA"," ","Open","19","0","Chen, Hao","Face-to-Face","6","https://www.bkstr.com/webapp/wcs/stores/servlet/booklookServlet?bookstore_id-1=584&term_id-1=2023 Spring&crn-1=13171","See department for permission to enroll."
"202310","EVSC701C","MASTER'S THESIS","133","13172","","TBA"," ","Cancelled","19","0","","Face-to-Face","6","https://www.bkstr.com/webapp/wcs/stores/servlet/booklookServlet?bookstore_id-1=584&term_id-1=2023 Spring&crn-1=13172","Cancelled 12/02/22"
"202310","EVSC701C","MASTER'S THESIS","135","13173","","TBA"," ","Open","19","0","Champagne, Pier Alexandre","Face-to-Face","6","https://www.bkstr.com/webapp/wcs/stores/servlet/booklookServlet?bookstore_id-1=584&term_id-1=2023 Spring&crn-1=13173","See department for permission to enroll."
"202310","EVSC701C","MASTER'S THESIS","136","13174","","TBA"," ","Open","19","0","Gund, Tamara","Face-to-Face","6","https://www.bkstr.com/webapp/wcs/stores/servlet/booklookServlet?bookstore_id-1=584&term_id-1=2023 Spring&crn-1=13174","See department for permission to enroll."
"202310","EVSC701C","MASTER'S THESIS","137","13175","","TBA"," ","Open","19","0","Eberhart, Michael","Face-to-Face","6","https://www.bkstr.com/webapp/wcs/stores/servlet/booklookServlet?bookstore_id-1=584&term_id-1=2023 Spring&crn-1=13175","See department for permission to enroll."
"202310","EVSC701C","MASTER'S THESIS","138","13176","","TBA"," ","Open","19","0","Alipour Shakib, Farnaz","Face-to-Face","6","https://www.bkstr.com/webapp/wcs/stores/servlet/booklookServlet?bookstore_id-1=584&term_id-1=2023 Spring&crn-1=13176","See department for permission to enroll."
"202310","EVSC701C","MASTER'S THESIS","141","13177","","TBA"," ","Open","19","0","Casado Zapico, Sara","Face-to-Face","6","https://www.bkstr.com/webapp/wcs/stores/servlet/booklookServlet?bookstore_id-1=584&term_id-1=2023 Spring&crn-1=13177","See department for permission to enroll."
"202310","EVSC701C","MASTER'S THESIS","142","13178","","TBA"," ","Open","19","0","Belfield, Kevin","Face-to-Face","6","https://www.bkstr.com/webapp/wcs/stores/servlet/booklookServlet?bookstore_id-1=584&term_id-1=2023 Spring&crn-1=13178","See department for permission to enroll."
"202310","EVSC701C","MASTER'S THESIS","143","13179","","TBA"," ","Open","19","0","Li, Mengyan","Face-to-Face","6","https://www.bkstr.com/webapp/wcs/stores/servlet/booklookServlet?bookstore_id-1=584&term_id-1=2023 Spring&crn-1=13179","See department for permission to enroll."
"202310","EVSC701C","MASTER'S THESIS","144","13180","","TBA"," ","Open","19","0","Zhang, Lijie","Face-to-Face","6","https://www.bkstr.com/webapp/wcs/stores/servlet/booklookServlet?bookstore_id-1=584&term_id-1=2023 Spring&crn-1=13180","See department for permission to enroll."
"202310","EVSC701C","MASTER'S THESIS","147","13181","","TBA"," ","Open","19","0","Kim, Yongick","Face-to-Face","6","https://www.bkstr.com/webapp/wcs/stores/servlet/booklookServlet?bookstore_id-1=584&term_id-1=2023 Spring&crn-1=13181","See department for permission to enroll."
"202310","EVSC701C","MASTER'S THESIS","148","13182","","TBA"," ","Open","19","0","Mitra, Somenath","Face-to-Face","6","https://www.bkstr.com/webapp/wcs/stores/servlet/booklookServlet?bookstore_id-1=584&term_id-1=2023 Spring&crn-1=13182","See department for permission to enroll."
"202310","EVSC701C","MASTER'S THESIS","151","13183","","TBA"," ","Open","19","0","Warner, Genoa","Face-to-Face","6","https://www.bkstr.com/webapp/wcs/stores/servlet/booklookServlet?bookstore_id-1=584&term_id-1=2023 Spring&crn-1=13183","See department for permission to enroll."
"202310","EVSC701C","MASTER'S THESIS","152","13184","","TBA"," ","Open","19","0","Zhang, Yuanwei","Face-to-Face","6","https://www.bkstr.com/webapp/wcs/stores/servlet/booklookServlet?bookstore_id-1=584&term_id-1=2023 Spring&crn-1=13184","See department for permission to enroll."
"202310","EVSC701C","MASTER'S THESIS","156","13185","","TBA"," ","Open","19","0","Farinas, Edgardo","Face-to-Face","6","https://www.bkstr.com/webapp/wcs/stores/servlet/booklookServlet?bookstore_id-1=584&term_id-1=2023 Spring&crn-1=13185","See department for permission to enroll."
"202310","EVSC701C","MASTER'S THESIS","158","13186","","TBA"," ","Open","19","0","Khalizov, Alexei","Face-to-Face","6","https://www.bkstr.com/webapp/wcs/stores/servlet/booklookServlet?bookstore_id-1=584&term_id-1=2023 Spring&crn-1=13186","See department for permission to enroll."
"202310","EVSC701C","MASTER'S THESIS","843","13187","","TBA"," ","Open","19","0","Qiu, Zeyuan","Face-to-Face","6","https://www.bkstr.com/webapp/wcs/stores/servlet/booklookServlet?bookstore_id-1=584&term_id-1=2023 Spring&crn-1=13187","See department for permission to enroll."
"202310","EVSC725","INDEPENDENT STUDY I","131","13188","","TBA"," ","Open","19","0","Sadik, Omowunmi","Face-to-Face","3","https://www.bkstr.com/webapp/wcs/stores/servlet/booklookServlet?bookstore_id-1=584&term_id-1=2023 Spring&crn-1=13188","See department for permission to enroll."
"202310","EVSC725","INDEPENDENT STUDY I","132","13189","","TBA"," ","Open","19","0","Chen, Hao","Face-to-Face","3","https://www.bkstr.com/webapp/wcs/stores/servlet/booklookServlet?bookstore_id-1=584&term_id-1=2023 Spring&crn-1=13189","See department for permission to enroll."
"202310","EVSC725","INDEPENDENT STUDY I","133","13190","","TBA"," ","Cancelled","19","0","","Face-to-Face","3","https://www.bkstr.com/webapp/wcs/stores/servlet/booklookServlet?bookstore_id-1=584&term_id-1=2023 Spring&crn-1=13190","Cancelled 12/02/22"
"202310","EVSC725","INDEPENDENT STUDY I","135","13191","","TBA"," ","Open","19","0","Champagne, Pier Alexandre","Face-to-Face","3","https://www.bkstr.com/webapp/wcs/stores/servlet/booklookServlet?bookstore_id-1=584&term_id-1=2023 Spring&crn-1=13191","See department for permission to enroll."
"202310","EVSC725","INDEPENDENT STUDY I","136","13192","","TBA"," ","Open","19","0","Gund, Tamara","Face-to-Face","3","https://www.bkstr.com/webapp/wcs/stores/servlet/booklookServlet?bookstore_id-1=584&term_id-1=2023 Spring&crn-1=13192","See department for permission to enroll."
"202310","EVSC725","INDEPENDENT STUDY I","137","13193","","TBA"," ","Open","19","0","Eberhart, Michael","Face-to-Face","3","https://www.bkstr.com/webapp/wcs/stores/servlet/booklookServlet?bookstore_id-1=584&term_id-1=2023 Spring&crn-1=13193","See department for permission to enroll."
"202310","EVSC725","INDEPENDENT STUDY I","138","13194","","TBA"," ","Open","19","0","Alipour Shakib, Farnaz","Face-to-Face","3","https://www.bkstr.com/webapp/wcs/stores/servlet/booklookServlet?bookstore_id-1=584&term_id-1=2023 Spring&crn-1=13194","See department for permission to enroll."
"202310","EVSC725","INDEPENDENT STUDY I","141","13195","","TBA"," ","Open","19","0","Casado Zapico, Sara","Face-to-Face","3","https://www.bkstr.com/webapp/wcs/stores/servlet/booklookServlet?bookstore_id-1=584&term_id-1=2023 Spring&crn-1=13195","See department for permission to enroll."
"202310","EVSC725","INDEPENDENT STUDY I","142","13196","","TBA"," ","Open","19","0","Belfield, Kevin","Face-to-Face","3","https://www.bkstr.com/webapp/wcs/stores/servlet/booklookServlet?bookstore_id-1=584&term_id-1=2023 Spring&crn-1=13196","See department for permission to enroll."
"202310","EVSC725","INDEPENDENT STUDY I","143","13197","","TBA"," ","Open","19","0","Li, Mengyan","Face-to-Face","3","https://www.bkstr.com/webapp/wcs/stores/servlet/booklookServlet?bookstore_id-1=584&term_id-1=2023 Spring&crn-1=13197","See department for permission to enroll."
"202310","EVSC725","INDEPENDENT STUDY I","144","13198","","TBA"," ","Open","19","1","Zhang, Lijie","Face-to-Face","3","https://www.bkstr.com/webapp/wcs/stores/servlet/booklookServlet?bookstore_id-1=584&term_id-1=2023 Spring&crn-1=13198","See department for permission to enroll."
"202310","EVSC725","INDEPENDENT STUDY I","147","13199","","TBA"," ","Open","19","0","Kim, Yongick","Face-to-Face","3","https://www.bkstr.com/webapp/wcs/stores/servlet/booklookServlet?bookstore_id-1=584&term_id-1=2023 Spring&crn-1=13199","See department for permission to enroll."
"202310","EVSC725","INDEPENDENT STUDY I","148","13200","","TBA"," ","Open","19","0","Mitra, Somenath","Face-to-Face","3","https://www.bkstr.com/webapp/wcs/stores/servlet/booklookServlet?bookstore_id-1=584&term_id-1=2023 Spring&crn-1=13200","See department for permission to enroll."
"202310","EVSC725","INDEPENDENT STUDY I","151","13201","","TBA"," ","Open","19","0","Warner, Genoa","Face-to-Face","3","https://www.bkstr.com/webapp/wcs/stores/servlet/booklookServlet?bookstore_id-1=584&term_id-1=2023 Spring&crn-1=13201","See department for permission to enroll."
"202310","EVSC725","INDEPENDENT STUDY I","152","13202","","TBA"," ","Open","19","0","Zhang, Yuanwei","Face-to-Face","3","https://www.bkstr.com/webapp/wcs/stores/servlet/booklookServlet?bookstore_id-1=584&term_id-1=2023 Spring&crn-1=13202","See department for permission to enroll."
"202310","EVSC725","INDEPENDENT STUDY I","156","13203","","TBA"," ","Open","19","0","Farinas, Edgardo","Face-to-Face","3","https://www.bkstr.com/webapp/wcs/stores/servlet/booklookServlet?bookstore_id-1=584&term_id-1=2023 Spring&crn-1=13203","See department for permission to enroll."
"202310","EVSC725","INDEPENDENT STUDY I","158","13204","","TBA"," ","Open","19","0","Khalizov, Alexei","Face-to-Face","3","https://www.bkstr.com/webapp/wcs/stores/servlet/booklookServlet?bookstore_id-1=584&term_id-1=2023 Spring&crn-1=13204","See department for permission to enroll."
"202310","EVSC725","INDEPENDENT STUDY I","843","13205","","TBA"," ","Open","19","1","Qiu, Zeyuan","Face-to-Face","3","https://www.bkstr.com/webapp/wcs/stores/servlet/booklookServlet?bookstore_id-1=584&term_id-1=2023 Spring&crn-1=13205","See department for permission to enroll."
"202310","EVSC726","INDEPENDENT STUDY II","131","13206","","TBA"," ","Open","19","0","Sadik, Omowunmi","Face-to-Face","3","https://www.bkstr.com/webapp/wcs/stores/servlet/booklookServlet?bookstore_id-1=584&term_id-1=2023 Spring&crn-1=13206","See department for permission to enroll."
"202310","EVSC726","INDEPENDENT STUDY II","132","13207","","TBA"," ","Open","19","0","Chen, Hao","Face-to-Face","3","https://www.bkstr.com/webapp/wcs/stores/servlet/booklookServlet?bookstore_id-1=584&term_id-1=2023 Spring&crn-1=13207","See department for permission to enroll."
"202310","EVSC726","INDEPENDENT STUDY II","133","13208","","TBA"," ","Cancelled","19","0","","Face-to-Face","3","https://www.bkstr.com/webapp/wcs/stores/servlet/booklookServlet?bookstore_id-1=584&term_id-1=2023 Spring&crn-1=13208","Cancelled 12/02/22"
"202310","EVSC726","INDEPENDENT STUDY II","135","13209","","TBA"," ","Open","19","0","Champagne, Pier Alexandre","Face-to-Face","3","https://www.bkstr.com/webapp/wcs/stores/servlet/booklookServlet?bookstore_id-1=584&term_id-1=2023 Spring&crn-1=13209","See department for permission to enroll."
"202310","EVSC726","INDEPENDENT STUDY II","136","13210","","TBA"," ","Open","19","0","Gund, Tamara","Face-to-Face","3","https://www.bkstr.com/webapp/wcs/stores/servlet/booklookServlet?bookstore_id-1=584&term_id-1=2023 Spring&crn-1=13210","See department for permission to enroll."
"202310","EVSC726","INDEPENDENT STUDY II","137","13211","","TBA"," ","Open","19","0","Eberhart, Michael","Face-to-Face","3","https://www.bkstr.com/webapp/wcs/stores/servlet/booklookServlet?bookstore_id-1=584&term_id-1=2023 Spring&crn-1=13211","See department for permission to enroll."
"202310","EVSC726","INDEPENDENT STUDY II","138","13212","","TBA"," ","Open","19","0","Alipour Shakib, Farnaz","Face-to-Face","3","https://www.bkstr.com/webapp/wcs/stores/servlet/booklookServlet?bookstore_id-1=584&term_id-1=2023 Spring&crn-1=13212","See department for permission to enroll."
"202310","EVSC726","INDEPENDENT STUDY II","141","13213","","TBA"," ","Open","19","0","Casado Zapico, Sara","Face-to-Face","3","https://www.bkstr.com/webapp/wcs/stores/servlet/booklookServlet?bookstore_id-1=584&term_id-1=2023 Spring&crn-1=13213","See department for permission to enroll."
"202310","EVSC726","INDEPENDENT STUDY II","142","13214","","TBA"," ","Open","19","0","Belfield, Kevin","Face-to-Face","3","https://www.bkstr.com/webapp/wcs/stores/servlet/booklookServlet?bookstore_id-1=584&term_id-1=2023 Spring&crn-1=13214","See department for permission to enroll."
"202310","EVSC726","INDEPENDENT STUDY II","143","13215","","TBA"," ","Open","19","0","Li, Mengyan","Face-to-Face","3","https://www.bkstr.com/webapp/wcs/stores/servlet/booklookServlet?bookstore_id-1=584&term_id-1=2023 Spring&crn-1=13215","See department for permission to enroll."
"202310","EVSC726","INDEPENDENT STUDY II","144","13216","","TBA"," ","Open","19","0","Zhang, Lijie","Face-to-Face","3","https://www.bkstr.com/webapp/wcs/stores/servlet/booklookServlet?bookstore_id-1=584&term_id-1=2023 Spring&crn-1=13216","See department for permission to enroll."
"202310","EVSC726","INDEPENDENT STUDY II","147","13217","","TBA"," ","Open","19","0","Kim, Yongick","Face-to-Face","3","https://www.bkstr.com/webapp/wcs/stores/servlet/booklookServlet?bookstore_id-1=584&term_id-1=2023 Spring&crn-1=13217","See department for permission to enroll."
"202310","EVSC726","INDEPENDENT STUDY II","148","13218","","TBA"," ","Open","19","0","Mitra, Somenath","Face-to-Face","3","https://www.bkstr.com/webapp/wcs/stores/servlet/booklookServlet?bookstore_id-1=584&term_id-1=2023 Spring&crn-1=13218","See department for permission to enroll."
"202310","EVSC726","INDEPENDENT STUDY II","151","13219","","TBA"," ","Open","19","0","Warner, Genoa","Face-to-Face","3","https://www.bkstr.com/webapp/wcs/stores/servlet/booklookServlet?bookstore_id-1=584&term_id-1=2023 Spring&crn-1=13219","See department for permission to enroll."
"202310","EVSC726","INDEPENDENT STUDY II","152","13220","","TBA"," ","Open","19","0","Zhang, Yuanwei","Face-to-Face","3","https://www.bkstr.com/webapp/wcs/stores/servlet/booklookServlet?bookstore_id-1=584&term_id-1=2023 Spring&crn-1=13220","See department for permission to enroll."
"202310","EVSC726","INDEPENDENT STUDY II","156","13221","","TBA"," ","Open","19","0","Farinas, Edgardo","Face-to-Face","3","https://www.bkstr.com/webapp/wcs/stores/servlet/booklookServlet?bookstore_id-1=584&term_id-1=2023 Spring&crn-1=13221","See department for permission to enroll."
"202310","EVSC726","INDEPENDENT STUDY II","158","13222","","TBA"," ","Open","19","0","Khalizov, Alexei","Face-to-Face","3","https://www.bkstr.com/webapp/wcs/stores/servlet/booklookServlet?bookstore_id-1=584&term_id-1=2023 Spring&crn-1=13222","See department for permission to enroll."
"202310","EVSC726","INDEPENDENT STUDY II","843","13223","","TBA"," ","Open","19","0","Qiu, Zeyuan","Face-to-Face","3","https://www.bkstr.com/webapp/wcs/stores/servlet/booklookServlet?bookstore_id-1=584&term_id-1=2023 Spring&crn-1=13223","See department for permission to enroll."
"202310","EVSC790A","DOCTORAL DISSERTATION","131","13224","","TBA"," ","Open","19","0","Sadik, Omowunmi","Face-to-Face","1","https://www.bkstr.com/webapp/wcs/stores/servlet/booklookServlet?bookstore_id-1=584&term_id-1=2023 Spring&crn-1=13224","See department for permission to enroll."
"202310","EVSC790A","DOCTORAL DISSERTATION","132","13225","","TBA"," ","Open","19","0","Chen, Hao","Face-to-Face","1","https://www.bkstr.com/webapp/wcs/stores/servlet/booklookServlet?bookstore_id-1=584&term_id-1=2023 Spring&crn-1=13225","See department for permission to enroll."
"202310","EVSC790A","DOCTORAL DISSERTATION","133","13226","","TBA"," ","Cancelled","19","0","","Face-to-Face","1","https://www.bkstr.com/webapp/wcs/stores/servlet/booklookServlet?bookstore_id-1=584&term_id-1=2023 Spring&crn-1=13226","Cancelled 12/02/22"
"202310","EVSC790A","DOCTORAL DISSERTATION","135","13227","","TBA"," ","Open","19","0","Champagne, Pier Alexandre","Face-to-Face","1","https://www.bkstr.com/webapp/wcs/stores/servlet/booklookServlet?bookstore_id-1=584&term_id-1=2023 Spring&crn-1=13227","See department for permission to enroll."
"202310","EVSC790A","DOCTORAL DISSERTATION","136","13228","","TBA"," ","Open","19","0","Gund, Tamara","Face-to-Face","1","https://www.bkstr.com/webapp/wcs/stores/servlet/booklookServlet?bookstore_id-1=584&term_id-1=2023 Spring&crn-1=13228","See department for permission to enroll."
"202310","EVSC790A","DOCTORAL DISSERTATION","137","13229","","TBA"," ","Open","19","0","Eberhart, Michael","Face-to-Face","1","https://www.bkstr.com/webapp/wcs/stores/servlet/booklookServlet?bookstore_id-1=584&term_id-1=2023 Spring&crn-1=13229","See department for permission to enroll."
"202310","EVSC790A","DOCTORAL DISSERTATION","138","13230","","TBA"," ","Open","19","0","Alipour Shakib, Farnaz","Face-to-Face","1","https://www.bkstr.com/webapp/wcs/stores/servlet/booklookServlet?bookstore_id-1=584&term_id-1=2023 Spring&crn-1=13230","See department for permission to enroll."
"202310","EVSC790A","DOCTORAL DISSERTATION","141","13231","","TBA"," ","Open","19","0","Casado Zapico, Sara","Face-to-Face","1","https://www.bkstr.com/webapp/wcs/stores/servlet/booklookServlet?bookstore_id-1=584&term_id-1=2023 Spring&crn-1=13231","See department for permission to enroll."
"202310","EVSC790A","DOCTORAL DISSERTATION","142","13232","","TBA"," ","Open","19","0","Belfield, Kevin","Face-to-Face","1","https://www.bkstr.com/webapp/wcs/stores/servlet/booklookServlet?bookstore_id-1=584&term_id-1=2023 Spring&crn-1=13232","See department for permission to enroll."
"202310","EVSC790A","DOCTORAL DISSERTATION","143","13233","","TBA"," ","Open","19","1","Li, Mengyan","Face-to-Face","1","https://www.bkstr.com/webapp/wcs/stores/servlet/booklookServlet?bookstore_id-1=584&term_id-1=2023 Spring&crn-1=13233","See department for permission to enroll."
"202310","EVSC790A","DOCTORAL DISSERTATION","144","13234","","TBA"," ","Open","19","0","Zhang, Lijie","Face-to-Face","1","https://www.bkstr.com/webapp/wcs/stores/servlet/booklookServlet?bookstore_id-1=584&term_id-1=2023 Spring&crn-1=13234","See department for permission to enroll."
"202310","EVSC790A","DOCTORAL DISSERTATION","147","13235","","TBA"," ","Open","19","0","Kim, Yongick","Face-to-Face","1","https://www.bkstr.com/webapp/wcs/stores/servlet/booklookServlet?bookstore_id-1=584&term_id-1=2023 Spring&crn-1=13235","See department for permission to enroll."
"202310","EVSC790A","DOCTORAL DISSERTATION","148","13236","","TBA"," ","Open","19","3","Mitra, Somenath","Face-to-Face","1","https://www.bkstr.com/webapp/wcs/stores/servlet/booklookServlet?bookstore_id-1=584&term_id-1=2023 Spring&crn-1=13236","See department for permission to enroll."
"202310","EVSC790A","DOCTORAL DISSERTATION","151","13237","","TBA"," ","Open","19","1","Warner, Genoa","Face-to-Face","1","https://www.bkstr.com/webapp/wcs/stores/servlet/booklookServlet?bookstore_id-1=584&term_id-1=2023 Spring&crn-1=13237","See department for permission to enroll."
"202310","EVSC790A","DOCTORAL DISSERTATION","152","13238","","TBA"," ","Open","19","0","Zhang, Yuanwei","Face-to-Face","1","https://www.bkstr.com/webapp/wcs/stores/servlet/booklookServlet?bookstore_id-1=584&term_id-1=2023 Spring&crn-1=13238","See department for permission to enroll."
"202310","EVSC790A","DOCTORAL DISSERTATION","156","13239","","TBA"," ","Open","19","0","Farinas, Edgardo","Face-to-Face","1","https://www.bkstr.com/webapp/wcs/stores/servlet/booklookServlet?bookstore_id-1=584&term_id-1=2023 Spring&crn-1=13239","See department for permission to enroll."
"202310","EVSC790A","DOCTORAL DISSERTATION","158","13240","","TBA"," ","Open","19","0","Khalizov, Alexei","Face-to-Face","1","https://www.bkstr.com/webapp/wcs/stores/servlet/booklookServlet?bookstore_id-1=584&term_id-1=2023 Spring&crn-1=13240","See department for permission to enroll."
"202310","EVSC790A","DOCTORAL DISSERTATION","843","13241","","TBA"," ","Open","19","1","Qiu, Zeyuan","Face-to-Face","1","https://www.bkstr.com/webapp/wcs/stores/servlet/booklookServlet?bookstore_id-1=584&term_id-1=2023 Spring&crn-1=13241","See department for permission to enroll."
"202310","EVSC790B","DOCTORAL DISSERTATION","131","13242","","TBA"," ","Open","19","0","Sadik, Omowunmi","Face-to-Face","3","https://www.bkstr.com/webapp/wcs/stores/servlet/booklookServlet?bookstore_id-1=584&term_id-1=2023 Spring&crn-1=13242","See department for permission to enroll."
"202310","EVSC790B","DOCTORAL DISSERTATION","132","13243","","TBA"," ","Open","19","0","Chen, Hao","Face-to-Face","3","https://www.bkstr.com/webapp/wcs/stores/servlet/booklookServlet?bookstore_id-1=584&term_id-1=2023 Spring&crn-1=13243","See department for permission to enroll."
"202310","EVSC790B","DOCTORAL DISSERTATION","133","13244","","TBA"," ","Cancelled","19","0","","Face-to-Face","3","https://www.bkstr.com/webapp/wcs/stores/servlet/booklookServlet?bookstore_id-1=584&term_id-1=2023 Spring&crn-1=13244","Cancelled 12/02/22"
"202310","EVSC790B","DOCTORAL DISSERTATION","135","13245","","TBA"," ","Open","19","0","Champagne, Pier Alexandre","Face-to-Face","3","https://www.bkstr.com/webapp/wcs/stores/servlet/booklookServlet?bookstore_id-1=584&term_id-1=2023 Spring&crn-1=13245","See department for permission to enroll."
"202310","EVSC790B","DOCTORAL DISSERTATION","136","13246","","TBA"," ","Open","19","0","Gund, Tamara","Face-to-Face","3","https://www.bkstr.com/webapp/wcs/stores/servlet/booklookServlet?bookstore_id-1=584&term_id-1=2023 Spring&crn-1=13246","See department for permission to enroll."
"202310","EVSC790B","DOCTORAL DISSERTATION","137","13247","","TBA"," ","Open","19","0","Eberhart, Michael","Face-to-Face","3","https://www.bkstr.com/webapp/wcs/stores/servlet/booklookServlet?bookstore_id-1=584&term_id-1=2023 Spring&crn-1=13247","See department for permission to enroll."
"202310","EVSC790B","DOCTORAL DISSERTATION","138","13248","","TBA"," ","Open","19","0","Alipour Shakib, Farnaz","Face-to-Face","3","https://www.bkstr.com/webapp/wcs/stores/servlet/booklookServlet?bookstore_id-1=584&term_id-1=2023 Spring&crn-1=13248","See department for permission to enroll."
"202310","EVSC790B","DOCTORAL DISSERTATION","141","13249","","TBA"," ","Open","19","0","Casado Zapico, Sara","Face-to-Face","3","https://www.bkstr.com/webapp/wcs/stores/servlet/booklookServlet?bookstore_id-1=584&term_id-1=2023 Spring&crn-1=13249","See department for permission to enroll."
"202310","EVSC790B","DOCTORAL DISSERTATION","142","13250","","TBA"," ","Open","19","0","Belfield, Kevin","Face-to-Face","3","https://www.bkstr.com/webapp/wcs/stores/servlet/booklookServlet?bookstore_id-1=584&term_id-1=2023 Spring&crn-1=13250","See department for permission to enroll."
"202310","EVSC790B","DOCTORAL DISSERTATION","143","13251","","TBA"," ","Open","19","0","Li, Mengyan","Face-to-Face","3","https://www.bkstr.com/webapp/wcs/stores/servlet/booklookServlet?bookstore_id-1=584&term_id-1=2023 Spring&crn-1=13251","See department for permission to enroll."
"202310","EVSC790B","DOCTORAL DISSERTATION","144","13252","","TBA"," ","Open","19","0","Zhang, Lijie","Face-to-Face","3","https://www.bkstr.com/webapp/wcs/stores/servlet/booklookServlet?bookstore_id-1=584&term_id-1=2023 Spring&crn-1=13252","See department for permission to enroll."
"202310","EVSC790B","DOCTORAL DISSERTATION","147","13253","","TBA"," ","Open","19","0","Kim, Yongick","Face-to-Face","3","https://www.bkstr.com/webapp/wcs/stores/servlet/booklookServlet?bookstore_id-1=584&term_id-1=2023 Spring&crn-1=13253","See department for permission to enroll."
"202310","EVSC790B","DOCTORAL DISSERTATION","148","13254","","TBA"," ","Open","19","0","Mitra, Somenath","Face-to-Face","3","https://www.bkstr.com/webapp/wcs/stores/servlet/booklookServlet?bookstore_id-1=584&term_id-1=2023 Spring&crn-1=13254","See department for permission to enroll."
"202310","EVSC790B","DOCTORAL DISSERTATION","151","13255","","TBA"," ","Open","19","0","Warner, Genoa","Face-to-Face","3","https://www.bkstr.com/webapp/wcs/stores/servlet/booklookServlet?bookstore_id-1=584&term_id-1=2023 Spring&crn-1=13255","See department for permission to enroll."
"202310","EVSC790B","DOCTORAL DISSERTATION","152","13256","","TBA"," ","Open","19","0","Zhang, Yuanwei","Face-to-Face","3","https://www.bkstr.com/webapp/wcs/stores/servlet/booklookServlet?bookstore_id-1=584&term_id-1=2023 Spring&crn-1=13256","See department for permission to enroll."
"202310","EVSC790B","DOCTORAL DISSERTATION","156","13257","","TBA"," ","Open","19","0","Farinas, Edgardo","Face-to-Face","3","https://www.bkstr.com/webapp/wcs/stores/servlet/booklookServlet?bookstore_id-1=584&term_id-1=2023 Spring&crn-1=13257","See department for permission to enroll."
"202310","EVSC790B","DOCTORAL DISSERTATION","158","13258","","TBA"," ","Open","19","0","Khalizov, Alexei","Face-to-Face","3","https://www.bkstr.com/webapp/wcs/stores/servlet/booklookServlet?bookstore_id-1=584&term_id-1=2023 Spring&crn-1=13258","See department for permission to enroll."
"202310","EVSC790B","DOCTORAL DISSERTATION","843","13259","","TBA"," ","Open","19","0","Qiu, Zeyuan","Face-to-Face","3","https://www.bkstr.com/webapp/wcs/stores/servlet/booklookServlet?bookstore_id-1=584&term_id-1=2023 Spring&crn-1=13259","See department for permission to enroll."
"202310","EVSC790C","DOCT DISSERTATION & RES","131","13260","","TBA"," ","Open","19","0","Sadik, Omowunmi","Face-to-Face","6","https://www.bkstr.com/webapp/wcs/stores/servlet/booklookServlet?bookstore_id-1=584&term_id-1=2023 Spring&crn-1=13260","See department for permission to enroll."
"202310","EVSC790C","DOCT DISSERTATION & RES","132","13261","","TBA"," ","Open","19","0","Chen, Hao","Face-to-Face","6","https://www.bkstr.com/webapp/wcs/stores/servlet/booklookServlet?bookstore_id-1=584&term_id-1=2023 Spring&crn-1=13261","See department for permission to enroll."
"202310","EVSC790C","DOCT DISSERTATION & RES","133","13262","","TBA"," ","Cancelled","19","0","","Face-to-Face","6","https://www.bkstr.com/webapp/wcs/stores/servlet/booklookServlet?bookstore_id-1=584&term_id-1=2023 Spring&crn-1=13262","Cancelled 12/02/22"
"202310","EVSC790C","DOCT DISSERTATION & RES","135","13263","","TBA"," ","Open","19","0","Champagne, Pier Alexandre","Face-to-Face","6","https://www.bkstr.com/webapp/wcs/stores/servlet/booklookServlet?bookstore_id-1=584&term_id-1=2023 Spring&crn-1=13263","See department for permission to enroll."
"202310","EVSC790C","DOCT DISSERTATION & RES","136","13264","","TBA"," ","Open","19","0","Gund, Tamara","Face-to-Face","6","https://www.bkstr.com/webapp/wcs/stores/servlet/booklookServlet?bookstore_id-1=584&term_id-1=2023 Spring&crn-1=13264","See department for permission to enroll."
"202310","EVSC790C","DOCT DISSERTATION & RES","137","13265","","TBA"," ","Open","19","0","Eberhart, Michael","Face-to-Face","6","https://www.bkstr.com/webapp/wcs/stores/servlet/booklookServlet?bookstore_id-1=584&term_id-1=2023 Spring&crn-1=13265","See department for permission to enroll."
"202310","EVSC790C","DOCT DISSERTATION & RES","138","13266","","TBA"," ","Open","19","0","Alipour Shakib, Farnaz","Face-to-Face","6","https://www.bkstr.com/webapp/wcs/stores/servlet/booklookServlet?bookstore_id-1=584&term_id-1=2023 Spring&crn-1=13266","See department for permission to enroll."
"202310","EVSC790C","DOCT DISSERTATION & RES","141","13267","","TBA"," ","Open","19","0","Casado Zapico, Sara","Face-to-Face","6","https://www.bkstr.com/webapp/wcs/stores/servlet/booklookServlet?bookstore_id-1=584&term_id-1=2023 Spring&crn-1=13267","See department for permission to enroll."
"202310","EVSC790C","DOCT DISSERTATION & RES","142","13268","","TBA"," ","Open","19","0","Belfield, Kevin","Face-to-Face","6","https://www.bkstr.com/webapp/wcs/stores/servlet/booklookServlet?bookstore_id-1=584&term_id-1=2023 Spring&crn-1=13268","See department for permission to enroll."
"202310","EVSC790C","DOCT DISSERTATION & RES","143","13269","","TBA"," ","Open","19","0","Li, Mengyan","Face-to-Face","6","https://www.bkstr.com/webapp/wcs/stores/servlet/booklookServlet?bookstore_id-1=584&term_id-1=2023 Spring&crn-1=13269","See department for permission to enroll."
"202310","EVSC790C","DOCT DISSERTATION & RES","144","13270","","TBA"," ","Open","19","0","Zhang, Lijie","Face-to-Face","6","https://www.bkstr.com/webapp/wcs/stores/servlet/booklookServlet?bookstore_id-1=584&term_id-1=2023 Spring&crn-1=13270","See department for permission to enroll."
"202310","EVSC790C","DOCT DISSERTATION & RES","147","13271","","TBA"," ","Open","19","0","Kim, Yongick","Face-to-Face","6","https://www.bkstr.com/webapp/wcs/stores/servlet/booklookServlet?bookstore_id-1=584&term_id-1=2023 Spring&crn-1=13271","See department for permission to enroll."
"202310","EVSC790C","DOCT DISSERTATION & RES","148","13272","","TBA"," ","Open","19","0","Mitra, Somenath","Face-to-Face","6","https://www.bkstr.com/webapp/wcs/stores/servlet/booklookServlet?bookstore_id-1=584&term_id-1=2023 Spring&crn-1=13272","See department for permission to enroll."
"202310","EVSC790C","DOCT DISSERTATION & RES","151","13273","","TBA"," ","Open","19","0","Warner, Genoa","Face-to-Face","6","https://www.bkstr.com/webapp/wcs/stores/servlet/booklookServlet?bookstore_id-1=584&term_id-1=2023 Spring&crn-1=13273","See department for permission to enroll."
"202310","EVSC790C","DOCT DISSERTATION & RES","152","13274","","TBA"," ","Open","19","0","Zhang, Yuanwei","Face-to-Face","6","https://www.bkstr.com/webapp/wcs/stores/servlet/booklookServlet?bookstore_id-1=584&term_id-1=2023 Spring&crn-1=13274","See department for permission to enroll."
"202310","EVSC790C","DOCT DISSERTATION & RES","156","13275","","TBA"," ","Open","19","0","Farinas, Edgardo","Face-to-Face","6","https://www.bkstr.com/webapp/wcs/stores/servlet/booklookServlet?bookstore_id-1=584&term_id-1=2023 Spring&crn-1=13275","See department for permission to enroll."
"202310","EVSC790C","DOCT DISSERTATION & RES","158","13276","","TBA"," ","Open","19","0","Khalizov, Alexei","Face-to-Face","6","https://www.bkstr.com/webapp/wcs/stores/servlet/booklookServlet?bookstore_id-1=584&term_id-1=2023 Spring&crn-1=13276","See department for permission to enroll."
"202310","EVSC790C","DOCT DISSERTATION & RES","843","13277","","TBA"," ","Open","19","0","Qiu, Zeyuan","Face-to-Face","6","https://www.bkstr.com/webapp/wcs/stores/servlet/booklookServlet?bookstore_id-1=584&term_id-1=2023 Spring&crn-1=13277","See department for permission to enroll."
"202310","EVSC790D","DOCT DISSERTATION & RES","131","13278","","TBA"," ","Open","19","0","Sadik, Omowunmi","Face-to-Face","9","https://www.bkstr.com/webapp/wcs/stores/servlet/booklookServlet?bookstore_id-1=584&term_id-1=2023 Spring&crn-1=13278","See department for permission to enroll."
"202310","EVSC790D","DOCT DISSERTATION & RES","132","13279","","TBA"," ","Open","19","0","Chen, Hao","Face-to-Face","9","https://www.bkstr.com/webapp/wcs/stores/servlet/booklookServlet?bookstore_id-1=584&term_id-1=2023 Spring&crn-1=13279","See department for permission to enroll."
"202310","EVSC790D","DOCT DISSERTATION & RES","133","13280","","TBA"," ","Open","19","0","","Face-to-Face","9","https://www.bkstr.com/webapp/wcs/stores/servlet/booklookServlet?bookstore_id-1=584&term_id-1=2023 Spring&crn-1=13280","See department for permission to enroll."
"202310","EVSC790D","DOCT DISSERTATION & RES","135","13281","","TBA"," ","Open","19","0","Champagne, Pier Alexandre","Face-to-Face","9","https://www.bkstr.com/webapp/wcs/stores/servlet/booklookServlet?bookstore_id-1=584&term_id-1=2023 Spring&crn-1=13281","See department for permission to enroll."
"202310","EVSC790D","DOCT DISSERTATION & RES","136","13282","","TBA"," ","Open","19","0","Gund, Tamara","Face-to-Face","9","https://www.bkstr.com/webapp/wcs/stores/servlet/booklookServlet?bookstore_id-1=584&term_id-1=2023 Spring&crn-1=13282","See department for permission to enroll."
"202310","EVSC790D","DOCT DISSERTATION & RES","137","13283","","TBA"," ","Open","19","0","Eberhart, Michael","Face-to-Face","9","https://www.bkstr.com/webapp/wcs/stores/servlet/booklookServlet?bookstore_id-1=584&term_id-1=2023 Spring&crn-1=13283","See department for permission to enroll."
"202310","EVSC790D","DOCT DISSERTATION & RES","138","13284","","TBA"," ","Open","19","0","Alipour Shakib, Farnaz","Face-to-Face","9","https://www.bkstr.com/webapp/wcs/stores/servlet/booklookServlet?bookstore_id-1=584&term_id-1=2023 Spring&crn-1=13284","See department for permission to enroll."
"202310","EVSC790D","DOCT DISSERTATION & RES","141","13285","","TBA"," ","Open","19","0","Casado Zapico, Sara","Face-to-Face","9","https://www.bkstr.com/webapp/wcs/stores/servlet/booklookServlet?bookstore_id-1=584&term_id-1=2023 Spring&crn-1=13285","See department for permission to enroll."
"202310","EVSC790D","DOCT DISSERTATION & RES","142","13286","","TBA"," ","Open","19","0","Belfield, Kevin","Face-to-Face","9","https://www.bkstr.com/webapp/wcs/stores/servlet/booklookServlet?bookstore_id-1=584&term_id-1=2023 Spring&crn-1=13286","See department for permission to enroll."
"202310","EVSC790D","DOCT DISSERTATION & RES","143","13287","","TBA"," ","Open","19","0","Li, Mengyan","Face-to-Face","9","https://www.bkstr.com/webapp/wcs/stores/servlet/booklookServlet?bookstore_id-1=584&term_id-1=2023 Spring&crn-1=13287","See department for permission to enroll."
"202310","EVSC790D","DOCT DISSERTATION & RES","144","13288","","TBA"," ","Open","19","0","Zhang, Lijie","Face-to-Face","9","https://www.bkstr.com/webapp/wcs/stores/servlet/booklookServlet?bookstore_id-1=584&term_id-1=2023 Spring&crn-1=13288","See department for permission to enroll."
"202310","EVSC790D","DOCT DISSERTATION & RES","147","13289","","TBA"," ","Open","19","0","Kim, Yongick","Face-to-Face","9","https://www.bkstr.com/webapp/wcs/stores/servlet/booklookServlet?bookstore_id-1=584&term_id-1=2023 Spring&crn-1=13289","See department for permission to enroll."
"202310","EVSC790D","DOCT DISSERTATION & RES","148","13290","","TBA"," ","Open","19","0","Mitra, Somenath","Face-to-Face","9","https://www.bkstr.com/webapp/wcs/stores/servlet/booklookServlet?bookstore_id-1=584&term_id-1=2023 Spring&crn-1=13290","See department for permission to enroll."
"202310","EVSC790D","DOCT DISSERTATION & RES","151","13291","","TBA"," ","Open","19","0","Warner, Genoa","Face-to-Face","9","https://www.bkstr.com/webapp/wcs/stores/servlet/booklookServlet?bookstore_id-1=584&term_id-1=2023 Spring&crn-1=13291","See department for permission to enroll."
"202310","EVSC790D","DOCT DISSERTATION & RES","152","13292","","TBA"," ","Open","19","0","Zhang, Yuanwei","Face-to-Face","9","https://www.bkstr.com/webapp/wcs/stores/servlet/booklookServlet?bookstore_id-1=584&term_id-1=2023 Spring&crn-1=13292","See department for permission to enroll."
"202310","EVSC790D","DOCT DISSERTATION & RES","156","13293","","TBA"," ","Open","19","0","Farinas, Edgardo","Face-to-Face","9","https://www.bkstr.com/webapp/wcs/stores/servlet/booklookServlet?bookstore_id-1=584&term_id-1=2023 Spring&crn-1=13293","See department for permission to enroll."
"202310","EVSC790D","DOCT DISSERTATION & RES","158","13294","","TBA"," ","Open","19","0","Khalizov, Alexei","Face-to-Face","9","https://www.bkstr.com/webapp/wcs/stores/servlet/booklookServlet?bookstore_id-1=584&term_id-1=2023 Spring&crn-1=13294","See department for permission to enroll."
"202310","EVSC790D","DOCT DISSERTATION & RES","843","13295","","TBA"," ","Open","19","0","Qiu, Zeyuan","Face-to-Face","9","https://www.bkstr.com/webapp/wcs/stores/servlet/booklookServlet?bookstore_id-1=584&term_id-1=2023 Spring&crn-1=13295","See department for permission to enroll."
"202310","EVSC790E","DOCT DISSERTATION & RES","131","13296","","TBA"," ","Open","19","0","Sadik, Omowunmi","Face-to-Face","12","https://www.bkstr.com/webapp/wcs/stores/servlet/booklookServlet?bookstore_id-1=584&term_id-1=2023 Spring&crn-1=13296","See department for permission to enroll."
"202310","EVSC790E","DOCT DISSERTATION & RES","132","13297","","TBA"," ","Open","19","0","Chen, Hao","Face-to-Face","12","https://www.bkstr.com/webapp/wcs/stores/servlet/booklookServlet?bookstore_id-1=584&term_id-1=2023 Spring&crn-1=13297","See department for permission to enroll."
"202310","EVSC790E","DOCT DISSERTATION & RES","133","13298","","TBA"," ","Cancelled","19","0","","Face-to-Face","12","https://www.bkstr.com/webapp/wcs/stores/servlet/booklookServlet?bookstore_id-1=584&term_id-1=2023 Spring&crn-1=13298","Cancelled 12/02/22"
"202310","EVSC790E","DOCT DISSERTATION & RES","135","13299","","TBA"," ","Open","19","0","Champagne, Pier Alexandre","Face-to-Face","12","https://www.bkstr.com/webapp/wcs/stores/servlet/booklookServlet?bookstore_id-1=584&term_id-1=2023 Spring&crn-1=13299","See department for permission to enroll."
"202310","EVSC790E","DOCT DISSERTATION & RES","136","13300","","TBA"," ","Open","19","0","Gund, Tamara","Face-to-Face","12","https://www.bkstr.com/webapp/wcs/stores/servlet/booklookServlet?bookstore_id-1=584&term_id-1=2023 Spring&crn-1=13300","See department for permission to enroll."
"202310","EVSC790E","DOCT DISSERTATION & RES","137","13301","","TBA"," ","Open","19","0","Eberhart, Michael","Face-to-Face","12","https://www.bkstr.com/webapp/wcs/stores/servlet/booklookServlet?bookstore_id-1=584&term_id-1=2023 Spring&crn-1=13301","See department for permission to enroll."
"202310","EVSC790E","DOCT DISSERTATION & RES","138","13302","","TBA"," ","Open","19","0","Alipour Shakib, Farnaz","Face-to-Face","12","https://www.bkstr.com/webapp/wcs/stores/servlet/booklookServlet?bookstore_id-1=584&term_id-1=2023 Spring&crn-1=13302","See department for permission to enroll."
"202310","EVSC790E","DOCT DISSERTATION & RES","141","13303","","TBA"," ","Open","19","0","Casado Zapico, Sara","Face-to-Face","12","https://www.bkstr.com/webapp/wcs/stores/servlet/booklookServlet?bookstore_id-1=584&term_id-1=2023 Spring&crn-1=13303","See department for permission to enroll."
"202310","EVSC790E","DOCT DISSERTATION & RES","142","13304","","TBA"," ","Open","19","0","Belfield, Kevin","Face-to-Face","12","https://www.bkstr.com/webapp/wcs/stores/servlet/booklookServlet?bookstore_id-1=584&term_id-1=2023 Spring&crn-1=13304","See department for permission to enroll."
"202310","EVSC790E","DOCT DISSERTATION & RES","143","13305","","TBA"," ","Open","19","0","Li, Mengyan","Face-to-Face","12","https://www.bkstr.com/webapp/wcs/stores/servlet/booklookServlet?bookstore_id-1=584&term_id-1=2023 Spring&crn-1=13305","See department for permission to enroll."
"202310","EVSC790E","DOCT DISSERTATION & RES","144","13306","","TBA"," ","Open","19","0","Zhang, Lijie","Face-to-Face","12","https://www.bkstr.com/webapp/wcs/stores/servlet/booklookServlet?bookstore_id-1=584&term_id-1=2023 Spring&crn-1=13306","See department for permission to enroll."
"202310","EVSC790E","DOCT DISSERTATION & RES","147","13307","","TBA"," ","Open","19","0","Kim, Yongick","Face-to-Face","12","https://www.bkstr.com/webapp/wcs/stores/servlet/booklookServlet?bookstore_id-1=584&term_id-1=2023 Spring&crn-1=13307","See department for permission to enroll."
"202310","EVSC790E","DOCT DISSERTATION & RES","148","13308","","TBA"," ","Open","19","0","Mitra, Somenath","Face-to-Face","12","https://www.bkstr.com/webapp/wcs/stores/servlet/booklookServlet?bookstore_id-1=584&term_id-1=2023 Spring&crn-1=13308","See department for permission to enroll."
"202310","EVSC790E","DOCT DISSERTATION & RES","151","13309","","TBA"," ","Open","19","0","Warner, Genoa","Face-to-Face","12","https://www.bkstr.com/webapp/wcs/stores/servlet/booklookServlet?bookstore_id-1=584&term_id-1=2023 Spring&crn-1=13309","See department for permission to enroll."
"202310","EVSC790E","DOCT DISSERTATION & RES","152","13310","","TBA"," ","Open","19","0","Zhang, Yuanwei","Face-to-Face","12","https://www.bkstr.com/webapp/wcs/stores/servlet/booklookServlet?bookstore_id-1=584&term_id-1=2023 Spring&crn-1=13310","See department for permission to enroll."
"202310","EVSC790E","DOCT DISSERTATION & RES","156","13311","","TBA"," ","Open","19","0","Farinas, Edgardo","Face-to-Face","12","https://www.bkstr.com/webapp/wcs/stores/servlet/booklookServlet?bookstore_id-1=584&term_id-1=2023 Spring&crn-1=13311","See department for permission to enroll."
"202310","EVSC790E","DOCT DISSERTATION & RES","158","13312","","TBA"," ","Open","19","0","Khalizov, Alexei","Face-to-Face","12","https://www.bkstr.com/webapp/wcs/stores/servlet/booklookServlet?bookstore_id-1=584&term_id-1=2023 Spring&crn-1=13312","See department for permission to enroll."
"202310","EVSC790E","DOCT DISSERTATION & RES","843","13313","","TBA"," ","Open","19","0","Qiu, Zeyuan","Face-to-Face","12","https://www.bkstr.com/webapp/wcs/stores/servlet/booklookServlet?bookstore_id-1=584&term_id-1=2023 Spring&crn-1=13313","See department for permission to enroll."
"202310","EVSC790F","DOCTORAL DISSERTATION","131","13314","","TBA"," ","Open","19","0","Sadik, Omowunmi","Face-to-Face","15","https://www.bkstr.com/webapp/wcs/stores/servlet/booklookServlet?bookstore_id-1=584&term_id-1=2023 Spring&crn-1=13314","See department for permission to enroll."
"202310","EVSC790F","DOCTORAL DISSERTATION","132","13315","","TBA"," ","Open","19","0","Chen, Hao","Face-to-Face","15","https://www.bkstr.com/webapp/wcs/stores/servlet/booklookServlet?bookstore_id-1=584&term_id-1=2023 Spring&crn-1=13315","See department for permission to enroll."
"202310","EVSC790F","DOCTORAL DISSERTATION","133","13316","","TBA"," ","Cancelled","19","0","","Face-to-Face","15","https://www.bkstr.com/webapp/wcs/stores/servlet/booklookServlet?bookstore_id-1=584&term_id-1=2023 Spring&crn-1=13316","Cancelled 12/02/22"
"202310","EVSC790F","DOCTORAL DISSERTATION","135","13317","","TBA"," ","Open","19","0","Champagne, Pier Alexandre","Face-to-Face","15","https://www.bkstr.com/webapp/wcs/stores/servlet/booklookServlet?bookstore_id-1=584&term_id-1=2023 Spring&crn-1=13317","See department for permission to enroll."
"202310","EVSC790F","DOCTORAL DISSERTATION","136","13318","","TBA"," ","Open","19","0","Gund, Tamara","Face-to-Face","15","https://www.bkstr.com/webapp/wcs/stores/servlet/booklookServlet?bookstore_id-1=584&term_id-1=2023 Spring&crn-1=13318","See department for permission to enroll."
"202310","EVSC790F","DOCTORAL DISSERTATION","137","13319","","TBA"," ","Open","19","0","Eberhart, Michael","Face-to-Face","15","https://www.bkstr.com/webapp/wcs/stores/servlet/booklookServlet?bookstore_id-1=584&term_id-1=2023 Spring&crn-1=13319","See department for permission to enroll."
"202310","EVSC790F","DOCTORAL DISSERTATION","138","13320","","TBA"," ","Open","19","0","Alipour Shakib, Farnaz","Face-to-Face","15","https://www.bkstr.com/webapp/wcs/stores/servlet/booklookServlet?bookstore_id-1=584&term_id-1=2023 Spring&crn-1=13320","See department for permission to enroll."
"202310","EVSC790F","DOCTORAL DISSERTATION","141","13321","","TBA"," ","Open","19","0","Casado Zapico, Sara","Face-to-Face","15","https://www.bkstr.com/webapp/wcs/stores/servlet/booklookServlet?bookstore_id-1=584&term_id-1=2023 Spring&crn-1=13321","See department for permission to enroll."
"202310","EVSC790F","DOCTORAL DISSERTATION","142","13322","","TBA"," ","Open","19","0","Belfield, Kevin","Face-to-Face","15","https://www.bkstr.com/webapp/wcs/stores/servlet/booklookServlet?bookstore_id-1=584&term_id-1=2023 Spring&crn-1=13322","See department for permission to enroll."
"202310","EVSC790F","DOCTORAL DISSERTATION","143","13323","","TBA"," ","Open","19","0","Li, Mengyan","Face-to-Face","15","https://www.bkstr.com/webapp/wcs/stores/servlet/booklookServlet?bookstore_id-1=584&term_id-1=2023 Spring&crn-1=13323","See department for permission to enroll."
"202310","EVSC790F","DOCTORAL DISSERTATION","144","13324","","TBA"," ","Open","19","0","Zhang, Lijie","Face-to-Face","15","https://www.bkstr.com/webapp/wcs/stores/servlet/booklookServlet?bookstore_id-1=584&term_id-1=2023 Spring&crn-1=13324","See department for permission to enroll."
"202310","EVSC790F","DOCTORAL DISSERTATION","147","13325","","TBA"," ","Open","19","0","Kim, Yongick","Face-to-Face","15","https://www.bkstr.com/webapp/wcs/stores/servlet/booklookServlet?bookstore_id-1=584&term_id-1=2023 Spring&crn-1=13325","See department for permission to enroll."
"202310","EVSC790F","DOCTORAL DISSERTATION","148","13326","","TBA"," ","Open","19","0","Mitra, Somenath","Face-to-Face","15","https://www.bkstr.com/webapp/wcs/stores/servlet/booklookServlet?bookstore_id-1=584&term_id-1=2023 Spring&crn-1=13326","See department for permission to enroll."
"202310","EVSC790F","DOCTORAL DISSERTATION","151","13327","","TBA"," ","Open","19","0","Warner, Genoa","Face-to-Face","15","https://www.bkstr.com/webapp/wcs/stores/servlet/booklookServlet?bookstore_id-1=584&term_id-1=2023 Spring&crn-1=13327","See department for permission to enroll."
"202310","EVSC790F","DOCTORAL DISSERTATION","152","13328","","TBA"," ","Open","19","0","Zhang, Yuanwei","Face-to-Face","15","https://www.bkstr.com/webapp/wcs/stores/servlet/booklookServlet?bookstore_id-1=584&term_id-1=2023 Spring&crn-1=13328","See department for permission to enroll."
"202310","EVSC790F","DOCTORAL DISSERTATION","156","13329","","TBA"," ","Open","19","0","Farinas, Edgardo","Face-to-Face","15","https://www.bkstr.com/webapp/wcs/stores/servlet/booklookServlet?bookstore_id-1=584&term_id-1=2023 Spring&crn-1=13329","See department for permission to enroll."
"202310","EVSC790F","DOCTORAL DISSERTATION","158","13330","","TBA"," ","Open","19","0","Khalizov, Alexei","Face-to-Face","15","https://www.bkstr.com/webapp/wcs/stores/servlet/booklookServlet?bookstore_id-1=584&term_id-1=2023 Spring&crn-1=13330","See department for permission to enroll."
"202310","EVSC790F","DOCTORAL DISSERTATION","843","13331","","TBA"," ","Open","19","0","Qiu, Zeyuan","Face-to-Face","15","https://www.bkstr.com/webapp/wcs/stores/servlet/booklookServlet?bookstore_id-1=584&term_id-1=2023 Spring&crn-1=13331","See department for permission to enroll."
"202310","EVSC791","ENVIRONMENTAL SCIENCE SEMINAR","002","13332","W","1:00 PM - 2:20 PM","TIER LECT 2","Open","45","11","Zhang, Lijie","Face-to-Face","0","https://www.bkstr.com/webapp/wcs/stores/servlet/booklookServlet?bookstore_id-1=584&term_id-1=2023 Spring&crn-1=13332",""
"202310","EVSC792B","PRE-DOCTORAL RESEARCH","131","13333","","TBA"," ","Open","19","0","Sadik, Omowunmi","Face-to-Face","3","https://www.bkstr.com/webapp/wcs/stores/servlet/booklookServlet?bookstore_id-1=584&term_id-1=2023 Spring&crn-1=13333","See department for permission to enroll."
"202310","EVSC792B","PRE-DOCTORAL RESEARCH","132","13334","","TBA"," ","Open","19","0","Chen, Hao","Face-to-Face","3","https://www.bkstr.com/webapp/wcs/stores/servlet/booklookServlet?bookstore_id-1=584&term_id-1=2023 Spring&crn-1=13334","See department for permission to enroll."
"202310","EVSC792B","PRE-DOCTORAL RESEARCH","133","13335","","TBA"," ","Cancelled","19","0","","Face-to-Face","3","https://www.bkstr.com/webapp/wcs/stores/servlet/booklookServlet?bookstore_id-1=584&term_id-1=2023 Spring&crn-1=13335","Cancelled 12/02/22"
"202310","EVSC792B","PRE-DOCTORAL RESEARCH","135","13336","","TBA"," ","Open","19","0","Champagne, Pier Alexandre","Face-to-Face","3","https://www.bkstr.com/webapp/wcs/stores/servlet/booklookServlet?bookstore_id-1=584&term_id-1=2023 Spring&crn-1=13336","See department for permission to enroll."
"202310","EVSC792B","PRE-DOCTORAL RESEARCH","136","13337","","TBA"," ","Open","19","0","Gund, Tamara","Face-to-Face","3","https://www.bkstr.com/webapp/wcs/stores/servlet/booklookServlet?bookstore_id-1=584&term_id-1=2023 Spring&crn-1=13337","See department for permission to enroll."
"202310","EVSC792B","PRE-DOCTORAL RESEARCH","137","13338","","TBA"," ","Open","19","0","Eberhart, Michael","Face-to-Face","3","https://www.bkstr.com/webapp/wcs/stores/servlet/booklookServlet?bookstore_id-1=584&term_id-1=2023 Spring&crn-1=13338","See department for permission to enroll."
"202310","EVSC792B","PRE-DOCTORAL RESEARCH","138","13339","","TBA"," ","Open","19","0","Alipour Shakib, Farnaz","Face-to-Face","3","https://www.bkstr.com/webapp/wcs/stores/servlet/booklookServlet?bookstore_id-1=584&term_id-1=2023 Spring&crn-1=13339","See department for permission to enroll."
"202310","EVSC792B","PRE-DOCTORAL RESEARCH","141","13340","","TBA"," ","Open","19","0","Casado Zapico, Sara","Face-to-Face","3","https://www.bkstr.com/webapp/wcs/stores/servlet/booklookServlet?bookstore_id-1=584&term_id-1=2023 Spring&crn-1=13340","See department for permission to enroll."
"202310","EVSC792B","PRE-DOCTORAL RESEARCH","142","13341","","TBA"," ","Open","19","0","Belfield, Kevin","Face-to-Face","3","https://www.bkstr.com/webapp/wcs/stores/servlet/booklookServlet?bookstore_id-1=584&term_id-1=2023 Spring&crn-1=13341","See department for permission to enroll."
"202310","EVSC792B","PRE-DOCTORAL RESEARCH","143","13342","","TBA"," ","Open","19","2","Li, Mengyan","Face-to-Face","3","https://www.bkstr.com/webapp/wcs/stores/servlet/booklookServlet?bookstore_id-1=584&term_id-1=2023 Spring&crn-1=13342","See department for permission to enroll."
"202310","EVSC792B","PRE-DOCTORAL RESEARCH","144","13343","","TBA"," ","Open","19","0","Zhang, Lijie","Face-to-Face","3","https://www.bkstr.com/webapp/wcs/stores/servlet/booklookServlet?bookstore_id-1=584&term_id-1=2023 Spring&crn-1=13343","See department for permission to enroll."
"202310","EVSC792B","PRE-DOCTORAL RESEARCH","147","13344","","TBA"," ","Open","19","0","Kim, Yongick","Face-to-Face","3","https://www.bkstr.com/webapp/wcs/stores/servlet/booklookServlet?bookstore_id-1=584&term_id-1=2023 Spring&crn-1=13344","See department for permission to enroll."
"202310","EVSC792B","PRE-DOCTORAL RESEARCH","148","13345","","TBA"," ","Open","19","1","Mitra, Somenath","Face-to-Face","3","https://www.bkstr.com/webapp/wcs/stores/servlet/booklookServlet?bookstore_id-1=584&term_id-1=2023 Spring&crn-1=13345","See department for permission to enroll."
"202310","EVSC792B","PRE-DOCTORAL RESEARCH","151","13346","","TBA"," ","Open","19","1","Warner, Genoa","Face-to-Face","3","https://www.bkstr.com/webapp/wcs/stores/servlet/booklookServlet?bookstore_id-1=584&term_id-1=2023 Spring&crn-1=13346","See department for permission to enroll."
"202310","EVSC792B","PRE-DOCTORAL RESEARCH","152","13347","","TBA"," ","Open","19","0","Zhang, Yuanwei","Face-to-Face","3","https://www.bkstr.com/webapp/wcs/stores/servlet/booklookServlet?bookstore_id-1=584&term_id-1=2023 Spring&crn-1=13347","See department for permission to enroll."
"202310","EVSC792B","PRE-DOCTORAL RESEARCH","156","13348","","TBA"," ","Open","19","0","Farinas, Edgardo","Face-to-Face","3","https://www.bkstr.com/webapp/wcs/stores/servlet/booklookServlet?bookstore_id-1=584&term_id-1=2023 Spring&crn-1=13348","See department for permission to enroll."
"202310","EVSC792B","PRE-DOCTORAL RESEARCH","158","13349","","TBA"," ","Open","19","0","Khalizov, Alexei","Face-to-Face","3","https://www.bkstr.com/webapp/wcs/stores/servlet/booklookServlet?bookstore_id-1=584&term_id-1=2023 Spring&crn-1=13349","See department for permission to enroll."
"202310","EVSC792B","PRE-DOCTORAL RESEARCH","843","13350","","TBA"," ","Open","19","0","Qiu, Zeyuan","Face-to-Face","3","https://www.bkstr.com/webapp/wcs/stores/servlet/booklookServlet?bookstore_id-1=584&term_id-1=2023 Spring&crn-1=13350","See department for permission to enroll."
